sample_id,target
ID1001187975__Dry_Clover_g,1.3604738103631693
ID1001187975__Dry_Dead_g,20.22995002744019
ID1001187975__Dry_Green_g,18.90241739096451
ID1001187975__Dry_Total_g,41.48747472025371
ID1001187975__GDM_g,19.058377140966574
