sample_id,target
ID1001187975__Dry_Clover_g,1.0466607743024205
ID1001187975__Dry_Dead_g,28.488315739422085
ID1001187975__Dry_Green_g,18.228410429531564
ID1001187975__Dry_Total_g,46.43718850199531
ID1001187975__GDM_g,17.883398188630707
