sample_id,target
ID1001187975__Dry_Clover_g,1.0706633096959042
ID1001187975__Dry_Dead_g,23.791968725732744
ID1001187975__Dry_Green_g,18.691127290473514
ID1001187975__Dry_Total_g,44.88333516179837
ID1001187975__GDM_g,20.606661042350403
