sample_id,target
ID1001187975__Dry_Clover_g,2.01644946719878
ID1001187975__Dry_Dead_g,19.29640330043476
ID1001187975__Dry_Green_g,15.827043150702881
ID1001187975__Dry_Total_g,38.471234759632516
ID1001187975__GDM_g,18.911403474749946
