sample_id,target
ID1001187975__Dry_Clover_g,2.9312416030157253
ID1001187975__Dry_Dead_g,21.85600326347071
ID1001187975__Dry_Green_g,15.261345753120754
ID1001187975__Dry_Total_g,40.60692771063108
ID1001187975__GDM_g,18.071858724959128
