sample_id,target
ID1001187975__Dry_Clover_g,9.161960653518351
ID1001187975__Dry_Dead_g,17.473378524323778
ID1001187975__Dry_Green_g,4.657730503931305
ID1001187975__Dry_Total_g,31.755405409475493
ID1001187975__GDM_g,13.899453778098021
